Date,PpRain,RadSWD,TmpAir,WndSpd
2025-01-01,1.3699999999999999,173.32256388194443,18.09513825347222,8.074360105412222
2025-01-02,1.94,181.43923066666665,17.48159661458333,9.231214876440555
2025-01-03,2.8699999999999997,204.83471490624999,15.740971708333333,10.671546233142221
2025-01-04,9.95,117.70069037152777,14.743749465277778,7.593799775708333
2025-01-05,1.5799999999999998,203.0017282013889,13.45416620486111,8.781701970932778
2025-01-06,1.7599999999999998,208.18332565625,16.61562429513889,7.526980181216111
2025-01-07,0,214.97638103124999,17.713888315972223,8.741880194715
2025-01-08,33.75,252.43957637499997,16.614235493055556,9.877811593473332
2025-01-09,0.04,268.3076289513889,15.96597159375,7.919797868131111
2025-01-10,0.27999999999999997,264.93332532638885,16.27222163888889,7.400765637599444
2025-01-11,59.78,211.13853316319444,15.145832850694443,7.510781588793333
2025-01-12,0,249.91005967013888,15.238541024305555,9.478244536357778
2025-01-13,0,241.60867207291665,16.861110427083332,6.50983900468
2025-01-14,0,270.1486016909722,17.703471611111112,5.455575876949999
2025-01-15,101.469999,187.18471549999998,17.025346666666668,8.52174013248
2025-01-16,0,120.16596845833332,16.501735475694446,6.782516580483889
2025-01-17,3.4599999999999995,174.75415941666665,16.94305486111111,6.301956122540555
2025-01-18,3.1799999999999997,243.05554701041666,17.15208265625,6.943828262209444
2025-01-19,1.75,215.87013058333332,17.233332631944446,7.224605144348889
2025-01-20,0.61,163.27534065972222,17.288193802083335,10.891578115281666
2025-01-21,25.91,132.85555112847223,17.63715203125,8.251195651098334
2025-01-22,0,187.10450724305554,18.900346458333335,6.009705164597222
2025-01-23,0,268.70311559375,19.42152695486111,9.404000667717222
2025-01-24,0.27999999999999997,213.96145101041665,19.985068652777777,7.784134014549444
2025-01-25,473.709978,94.91388630555555,18.473263069444446,12.095004079974444
2025-01-26,50.069998999999996,160.46631354166666,18.992013128472223,12.203670115281666
2025-01-27,11.709999,268.8611015520833,17.422568805555557,8.209349048296666
2025-01-28,0.44,221.8163120972222,17.140277149305554,6.438294900318333
2025-01-29,0.03,224.2388815486111,17.89479109375,8.671011082043888
2025-01-30,1.07,199.5673569513889,19.135415909722223,4.9966136749761105
2025-01-31,0.01,233.89131325347222,19.69826311111111,4.65374187695
2025-02-01,19.399998,217.16874404166666,19.737151954861112,5.22339500156
2025-02-02,18.419999999999998,176.91943735763888,18.783332649305557,7.469609964183333
2025-02-03,9.94,199.1409659722222,19.254860395833333,5.875391307895555
2025-02-04,42.329997,234.46839590624998,19.74131871875,5.957734543616667
2025-02-05,8.709999999999999,252.27499419097222,19.31145745486111,5.252417592422778
2025-02-06,0.02,196.19860486805555,19.244443552083332,7.2576774491244445
2025-02-07,0.01,203.4874920625,18.690276947916665,6.271583636039444
2025-02-08,0.74,225.06561620833332,19.210763059027776,5.8504183297038885
2025-02-09,22.329998,186.94791063888889,19.435068677083333,6.450443927316111
2025-02-10,32.9,178.36839619444444,18.5420130625,6.66170150468
2025-02-11,4.5599989999999995,188.27291056944443,17.160068909722224,7.935996521298889
2025-02-12,0,254.45137849652775,18.260068690972222,5.398880536867222
2025-02-13,14.37,248.8833238958333,18.527082586805555,4.553850112671111
2025-02-14,0,193.97742509027776,17.651735322916668,8.675060667717222
2025-02-15,0.95,158.8211761875,18.02222146875,10.564904936676111
2025-02-16,3.96,94.67083030902778,18.629860340277776,11.886446253390554
2025-02-17,22.04,102.83055142013889,19.77951292361111,12.282638601782777
2025-02-18,26.989998999999997,113.76214902430554,19.538888038194443,7.879301208213889
2025-02-19,32.799999,108.92464875347221,19.18992967361111,4.077339301146111
2025-02-20,0.04,207.51770033680555,19.88402707638889,5.699905698344444
2025-02-21,0.38,207.6614521111111,16.902429944444442,9.81639175702
2025-02-22,0.03,229.0874913784722,18.506943732638888,7.114589172906666
2025-02-23,0,233.11179868402778,18.72534651736111,5.521720392008889
2025-02-24,17.56,189.07429912499998,18.900346368055555,5.449501383699444
2025-02-25,0.02,180.89686943402776,17.909027069444445,6.306680780897778
2025-02-26,0,195.33506171874998,19.469096399305556,4.6760150706144445
2025-02-27,15.27,126.29791197916666,18.797568649305557,5.510921314645
2025-02-28,1.84,91.38471938541666,17.36111034375,4.719886473002222
2025-03-01,0.02,198.76492239930553,18.69409647222222,6.267533969372778
2025-03-02,0,201.6906183125,19.16388810763889,6.513213774148333
2025-03-03,0.01,159.30832619097222,19.17326323611111,8.211373935625556
2025-03-04,57.389998,127.19513371180555,16.86631881597222,10.798435788697777
2025-03-05,0.79,206.70207534027776,14.189930072916667,18.67841188061111
2025-03-06,0.01,199.4392286736111,14.069791246527778,11.471355426806666
2025-03-07,0,193.49929852430554,15.33819390625,4.525502439255
2025-03-08,2.3899999999999997,126.65069069097221,16.209374375,9.574761591913333
2025-03-09,0.01,144.6378410763889,16.274304923611112,10.784936866061667
2025-03-10,0.05,174.13784205555555,16.65624930902778,5.2726659460044445
2025-03-11,0,196.43645274652778,18.128471493055557,11.363364356192221
2025-03-12,0.01,176.56527123263888,17.38194384375,8.766853152658333
2025-03-13,0,179.658327125,17.190971409722223,3.2606565773638887
2025-03-14,0,189.29270108680555,17.256249270833333,5.074907176536111
2025-03-15,0,182.04929832291666,17.696527055555556,5.377282247150555
2025-03-16,0,132.07360590277779,18.21215207986111,5.047234488061111
2025-03-17,2.17,105.86075934374999,18.30034664236111,7.1091896645972215
2025-03-18,42.149998,112.67325901041666,15.633332777777778,7.614840639038327
2025-03-19,7.879999999999999,122.42707894791666,15.32499945486111,9.990527362941666
2025-03-20,0,132.4232594548611,16.476735479166667,10.675595953804445
2025-03-21,0,149.1343695798611,17.75624925,4.427635542056667
2025-03-22,0,186.88332595833333,17.355554875,7.190183038427222
2025-03-23,0.25,171.05902073263888,17.68124926736111,8.095283437185556
2025-03-24,3.7499999999999996,150.7805501701389,19.145832538194444,5.549393134479444
2025-03-25,4.38,158.9458279236111,17.715624381944444,4.799529903947778
2025-03-26,0,173.3315921875,18.042360232638888,4.141459104361666
2025-03-27,0,173.41811090940766,17.867943616724737,8.140504741961111
2025-03-28,125.369996,128.55034265625,17.248263232638887,6.033328294396666
2025-03-29,0.01,163.72082838541667,16.243402163194443,4.335843077363888
2025-03-30,0,161.94895307638888,16.613193802083334,4.6739901832855555
2025-03-31,0,118.86770329166666,16.83541595138889,5.062083272588333
2025-04-01,16.319999,84.18228852083332,17.357637975694445,6.8331374070677775
2025-04-02,8.889999999999999,47.73263709375,16.858332642361113,8.934914197834999
2025-04-03,200.839994,41.07152622222222,16.634374288194444,13.978098924737221
2025-04-04,406.089989,74.1093401349481,18.033909425605536,9.389621315925814
2025-04-05,0,152.26123997231832,17.03044915916955,5.752551392008889
2025-04-06,69.069994,125.00311992361111,16.559374319444444,8.75605405504611
2025-04-07,14.62,132.63749544097223,16.316666059027778,11.000244143839444
2025-04-08,39.659997,91.76388625,13.61874946875,9.407375403438333
2025-04-09,0,147.83159258333333,13.845832850694444,6.3485272892072215
2025-04-10,0,124.77404492733564,14.544982128027682,4.044267090862777
2025-04-11,4.39,77.72430289930556,15.297221753472222,4.592321946004445
2025-04-12,0.12,142.11666284027777,15.805555041666667,6.2020643447627775
2025-04-13,0,121.57048155902777,16.44131889236111,6.263484295956666
2025-04-14,0.02,82.02708021180555,16.317707805555557,5.293069458989826
2025-04-15,0.01,100.73089905555555,16.942013,10.813284606972221
2025-04-16,48.39,79.30451163541666,16.642360447916666,15.360385113212223
2025-04-17,278.269994,43.61666537152777,16.674304670138888,19.502519013530556
2025-04-18,198.019996,31.849999076388887,17.719791243055557,14.192056360872222
2025-04-19,296.719985,43.45867905902777,18.28645756597222,12.227968068035555
2025-04-20,103.799998,45.780901343749996,17.66562429861111,8.826923241961111
2025-04-21,6.52,82.21985772822299,17.33832668292683,4.703144463452543
2025-04-22,0,133.53610643055555,16.79756879861111,6.488240829703889
2025-04-23,0,137.43506589583333,12.846180013888889,11.652240524418888
2025-04-24,0,117.18124652083333,13.164582965277777,7.3096481443488885
2025-04-25,0.27,71.28541375694444,14.3770031358885,9.754419068821742
2025-04-26,7.06,37.93183264359861,15.080968484429066,7.71213447182948
2025-04-27,97.61,38.45798465972222,16.040971645833334,8.22284788319
2025-04-28,73.949997,71.8749974375,16.547915930555554,7.289399790767222
2025-04-29,199.239997,44.11597060069444,16.675693600694444,14.940569648519444
2025-04-30,236.789993,41.549304291666665,16.295832645833332,10.892927963673888
2025-05-01,0,109.18784362152778,13.030902378472222,8.376060346322777
2025-05-02,0.53,84.22083112847221,12.482985690972223,12.635634566475556
2025-05-03,0,112.9958286736111,12.897569027777777,8.37133575546
2025-05-04,0,111.87985761458333,10.59444407638889,8.61836536813111
2025-05-05,0,112.23459822145328,11.254670961937716,3.673790339100346
2025-05-06,0,83.70522328571428,12.274564038327526,3.1607648333333334
2025-05-07,3.76,59.55242854513889,14.247569090277777,4.132684752339999
2025-05-08,225.159999,29.717013031249998,16.264582524305556,14.046268408118333
2025-05-09,255.509994,54.20451259027777,15.233332569444444,12.55599113553
2025-05-10,10.879999999999999,91.64082677854671,12.958477155709343,7.189508033237778
2025-05-11,0,110.31978741319443,12.055207972222222,6.764968031677777
2025-05-12,0,96.13471895833332,12.019791225694444,4.294671466252778
2025-05-13,0,76.66874760763889,13.685763552083333,7.670743455873889
2025-05-14,0.04,108.59235780208333,13.61249951736111,3.813436084113333
2025-05-15,0,89.08849888501742,13.349476958188152,6.262134427316111
2025-05-16,0,90.13194077083332,13.862846736111111,5.49944723884111
2025-05-17,0.79,77.70726399307958,14.60761201384083,4.920807324519862
2025-05-18,9.299999999999999,63.237977801393725,15.326480233449477,7.989317220152778
2025-05-19,0.5599999999999999,97.28089974999999,11.740277347222221,11.332991829194444
2025-05-20,0,100.65103773958333,11.113888482638888,8.561670001050555
2025-05-21,0,94.62082966666667,9.653124645833334,4.925069577363889
2025-05-22,0,90.06608561245675,11.01141830449827,4.949729558453702
2025-05-23,0,96.69270480902777,12.028471763888888,4.696938361891111
2025-05-24,0.57,87.99409336111111,12.18680523263889,4.796830139668889
2025-05-25,16.34,43.077776406249995,13.443402454861111,4.245400481311666
2025-05-26,415.46999,30.984082131487888,13.975432044982698,6.262662232260207
2025-05-27,74.91999799999999,31.150346506944445,14.384027357638889,6.772392461063333
2025-05-28,696.489978,37.39235944097222,14.281596746527777,9.82516593355611
2025-05-29,144.659997,58.850691937499995,13.430207944444444,10.494710849442777
2025-05-30,0,69.9291645173611,12.922221822916667,13.866733091403889
2025-05-31,0,66.24895617013888,13.246180121527777,12.239442096593333
2025-06-01,0,85.92985772222222,11.427430104166666,6.616480280897777
2025-06-02,0,78.9281226875,11.702777347222222,6.164942407067778
2025-06-03,19.349999,37.821526694444444,12.649305131944445,6.367425807895556
2025-06-04,823.009973,25.637498864583332,15.72777709375,14.229853222763333
2025-06-05,88.799999,42.63229057638889,11.77083290625,8.477976977682221
2025-06-06,6.529999999999999,82.27117728819444,8.741666305555555,6.491615524928333
2025-06-07,0,71.00034414236112,7.236805298611111,6.157518031677777
2025-06-08,7.89,80.13992747222221,8.878471927083334,4.773881981311667
2025-06-09,0,59.36701134027778,9.99722178125,5.473799370200555
2025-06-10,703.6399729999999,43.35103993055555,11.69333294736842,6.9323471136982455
2025-06-11,63.779998,53.081595843749994,13.580207916666666,5.2591669626233335
2025-06-12,46.3,44.46284560069444,11.932871557093426,3.0395200419111417
2025-06-13,0.02,81.64636466089965,11.806227979238754,4.538765501924429
2025-06-14,0.76,71.28263658680555,9.93229128125,6.319504698344444
2025-06-15,0,72.22395572916666,9.21076354861111,7.566801984431667
2025-06-16,0,80.4031336445993,9.504877724738675,7.790260332809477
2025-06-17,0,86.20694093055555,9.358680197916666,5.380657077363889
2025-06-18,0,80.7364548298611,9.168749628472222,3.7567407507799997
2025-06-19,27.299999999999997,70.79444197222222,11.434721836805556,5.149151018178888
2025-06-20,0,72.274997875,10.614583010416666,6.192615183285556
2025-06-21,0.06,81.76944122569444,9.620138520833333,10.647248219643332
2025-06-22,0,72.99964923611111,11.13680520486111,9.644955753390555
2025-06-23,0,84.61214972916666,10.999305125,7.430463247150556
2025-06-24,0,69.31006697916666,9.805207965277777,4.006470174976111
2025-06-25,48.809999,23.65467049134948,12.45397878200692,9.36608005485564
2025-06-26,102.129997,15.750522111498258,13.985365470383275,15.761302011970555
2025-06-27,790.039963,23.16284622222222,13.137152368055554,11.420059507290555
2025-06-28,5.369999999999999,56.407984246527775,11.768055059027777,8.185725958993888
2025-06-29,0,78.53610790625,10.9027773125,9.011183088793333
2025-06-30,0.37,83.5017267716263,10.016262657439446,7.380538330700622
2025-07-01,0,65.10451145486111,10.011805065972222,5.971908295956666
2025-07-02,137.05999599999998,23.454860277777776,12.342013402777777,12.244166761699999
2025-07-03,670.239977,21.802777,14.447569072916666,10.208534378000556
2025-07-04,170.979998,49.33356229411764,14.152248702422145,5.392306257998616
2025-07-05,15.239999999999998,58.318053326388885,11.296180177083333,8.570444346322777
2025-07-06,0,86.16423321180555,8.656249715277777,9.817741625660554
2025-07-07,0,86.05416423958333,8.988194142361111,7.201657060235555
2025-07-08,0,58.39235959027778,9.804166309027778,4.603121097612222
2025-07-09,4.859999999999999,29.767707569444443,10.834027329861112,6.330978720152777
2025-07-10,23.979999,28.138193725694443,11.970832913194444,9.387127036357777
2025-07-11,1113.159954,26.55277709375,12.216666197916666,12.425051839063888
2025-07-12,50.26,35.93100927874564,10.782229595818816,3.288272858121254
2025-07-13,203.549993,48.02013752777778,11.286805124999999,5.862567289207222
2025-07-14,0.6,80.90416430555555,10.904166298611111,6.478116656287778
2025-07-15,68.149998,61.87430373611111,10.595789080701755,13.200378299936562
2025-07-16,44.629999,59.710415138888884,10.024652388888889,6.726496151098333
2025-07-17,89.30999899999999,18.40590209375,9.346527215277778,16.628605562336666
2025-07-18,0,72.19895901384082,7.776816297577854,7.661294233651667
2025-07-19,6.51,86.40728905902778,9.073957947916666,6.504439442374999
2025-07-20,0,90.94097027083333,7.913541402777778,8.77889232688941
2025-07-21,0,97.7909682361111,7.940624784722222,7.6626440955427775
2025-07-22,0,92.42846937847222,8.468402465277778,8.09460851973889
2025-07-23,0,99.2531219236111,9.279166364583332,7.744312319325
2025-07-24,0,100.86180224652777,8.048958107638889,3.8552826666666666
2025-07-25,0,88.17985837847222,9.834374628472222,5.7377025264883335
2025-07-26,0,66.5259489584775,10.953978792387543,7.079882136151695
2025-07-27,0,48.02673434722222,11.048957805555556,6.912780824514444
2025-07-28,470.42999299999997,33.172915760416664,11.721874628472222,13.140492862432222
2025-07-29,2742.719878,23.348610583333333,12.272569027777777,15.98118915916346
2025-07-30,0.5700000000000001,85.22179615916954,10.560899256055363,3.9394708389248443
2025-07-31,0,94.81532765853657,9.63135857142857,7.374442804266111
2025-08-01,0,109.42048248958332,8.030555315972222,8.33893836813111
2025-08-02,0,110.00138506597222,8.952777493055555,6.857435413817222
2025-08-03,0,95.54652434027777,7.838194177083333,8.52657293043611
2025-08-04,0,74.72777518402778,9.63645795138889,7.396716038427222
2025-08-05,0,78.7865020449827,9.467473712802768,8.380109972492777
2025-08-06,0.18,79.7663169375,10.361457871527778,9.542364312575556
2025-08-07,89.769995,38.41354058333333,11.173076541958041,8.629018160915244
2025-08-08,235.219986,47.87351764111498,9.080419195804195,8.691547340966153
2025-08-09,3.73,100.04235807638888,6.874305326388889,8.543446548296666
2025-08-10,0,113.07569170833332,8.096874788194445,10.87267975858
2025-08-11,6.199999999999999,111.3197888611111,8.444982387543252,8.550205348778961
2025-08-12,0,112.37499531597221,8.892708010416666,5.614187794396666
2025-08-13,44.889998,114.2982612361111,8.246527458333333,4.705037668226667
2025-08-14,0,127.9802043611111,9.093055243055556,6.201389440814999
2025-08-15,0,113.04756499652777,9.187499663194444,4.927769341642778
2025-08-16,169.009995,51.09478977777778,10.543055204861112,10.755239351002777
2025-08-17,0.26,91.21249738888888,11.402082857638888,4.461382757529444
2025-08-18,103.609999,79.24965002430555,10.339930083333334,9.061803881629999
2025-08-19,24.069999,104.01284487152778,7.631944194444444,17.47093637749111
2025-08-20,0,89.6197879861111,9.230208059027778,10.687744852562778
2025-08-21,0.01,113.83957948263888,8.29756917361111,9.231889834383889
2025-08-22,4.8999999999999995,100.26423245138888,8.2083330625,7.427763435625555
2025-08-23,295.899993,61.20728959375,9.199302780487805,6.781766407507735
2025-08-24,11.2,65.36527530208333,10.143055149305555,6.038095256507875
2025-08-25,20.849999,91.71245390311418,10.646366456747405,5.026406970607058
2025-08-26,1.05,97.27013553472221,10.794444104166667,7.1442867419611105
2025-08-27,0.71,99.86874679166667,11.213194034722221,6.199364587233333
2025-08-28,119.809996,93.78159425347222,12.130902388888888,8.532647410187778
2025-08-29,36.159999,87.35346939583333,10.429681643109541,9.062552707782897
2025-08-30,198.809992,58.2456733633218,11.414186408304499,8.433430597102777
2025-08-31,35.909998,90.3065719134948,10.026297186851211,15.754552662018332
2025-09-01,3.44,119.99409240277777,11.354513534722223,12.107827956924444
2025-09-02,22.439999,114.77916304166666,9.685763538194445,7.871201881629999
2025-09-03,0,145.66457741666667,9.238888597222221,4.736759996370555
2025-09-04,0.04,102.8933984375,11.15833298611111,5.608113274148333
2025-09-05,151.619995,66.71458090277777,12.143402354166666,6.857435440814999
2025-09-06,20.11,73.27951067361111,8.635416385416667,8.523873226902221
2025-09-07,0.02,135.98923162152778,9.32465242013889,9.456646347882778
2025-09-08,0,149.84895261805556,8.535069135416666,6.497690031677777
2025-09-09,5.74,100.59339824999999,9.874999541666666,7.341370533237778
2025-09-10,35.66,111.97812115972222,10.508680211805556,13.80058856284611
2025-09-11,254.919996,95.47152456597222,9.939235732638888,6.405897560235555
2025-09-12,72.559995,96.62767861937716,9.63702385467128,14.587573758070555
2025-09-13,26.4,113.78992651736111,11.12832138111888,19.870665783445034
2025-09-14,0.05,145.60589787152776,10.8239579375,8.916015922126666
2025-09-15,0,120.91562037152777,12.201735680555556,11.672488878000555
2025-09-16,0,87.26132136236933,12.909407202090591,7.6906978029970725
2025-09-17,6.3999999999999995,74.11388632291666,13.006944031249999,11.73188393511611
2025-09-18,28.13,79.13194117013889,11.120138458333333,10.681670366061667
2025-09-19,60.839999,129.48402283680556,7.820138624999999,5.172774168226667
2025-09-20,0,145.93089750694443,10.099652340277778,6.594207100732222
2025-09-21,1.7,59.102435979094075,11.713240024390243,8.421956528048334
2025-09-22,73.769999,49.690276284722216,12.718749805555555,10.708668130340556
2025-09-23,333.109994,34.97986007638889,13.034027309027778,12.433826116841667
2025-09-24,300.029989,68.3574890348432,12.749304972222221,8.682485076854444
2025-09-25,0.01,159.4666605451389,11.100694100694444,9.252813125660555
2025-09-26,0.73,145.3231787197232,11.72560515916955,6.767667768958889
2025-09-27,0,145.81284035416667,12.427082961805555,4.061674029150209
2025-09-28,43.85,102.3354135,13.776735708333334,5.650004498491429
2025-09-29,8.549999999999999,141.3881887986111,11.514930159722223,8.62578980426611
2025-09-30,0,149.49999447222223,10.973957927083333,8.617015499490556
2025-10-01,0,120.15207937847222,12.245832868055555,9.86026311891111
2025-10-02,22.06,74.31666416666667,13.667013413194445,2.734199924196111
2025-10-03,197.03999199999998,70.15589963541666,14.084027336805555,5.575041016618889
2025-10-04,48.44,111.38373244636678,11.223528996539793,5.204496530117778
2025-10-05,0.32,166.30068849999998,11.450346809027778,6.276983198344444
2025-10-06,90.529994,76.31319213194445,12.58506901736111,9.584005262117094
2025-10-07,8.199999,189.72360503125,10.813888472222223,10.842833989269407
2025-10-08,0,165.21423024305554,11.324999677083333,7.528330151098333
2025-10-09,0.07,93.00381706944444,13.465277347222221,5.093267089651847
2025-10-10,0.06,109.33263577777777,15.025693975694445,5.188972794396666
2025-10-11,0.22999999999999998,59.369095916666666,14.83494770934256,6.74021463325564
2025-10-12,3.34,93.31492786458332,14.96874959375,9.744847591913333
2025-10-13,530.509984,49.095484131944445,15.091319006944444,8.156703361381666
2025-10-14,12.2,108.07464885416667,12.128471791666666,9.548438778828332
2025-10-15,0,146.48159264583333,11.910763513888888,8.64333827207889
2025-10-16,0.03,211.21218751916376,12.912891554006968,9.121147199856168
2025-10-17,0,186.01457576041665,12.959721722222222,4.553175100732222
2025-10-18,0,147.79687001388888,13.905555135416666,5.701930551926111
2025-10-19,0.38,91.25659390277778,14.222221777777778,7.459485777268333
2025-10-20,0.06,142.40068921527777,15.596874489583334,11.763606297007222
2025-10-21,11.870000000000001,147.43506353819444,15.034721722222223,11.486879142279443
2025-10-22,0,155.21110598958333,15.800346631944445,8.288317615791112
2025-10-23,111.189999,133.21978612499998,15.316318902777777,11.003618960553888
2025-10-24,5.74,203.34547889583334,13.02222171875,6.703548087233333
2025-10-25,0.26,178.1777725034722,12.629166222222223,11.835825447054999
2025-10-26,2.21,185.7350634861111,13.278471774305554,11.483504386309999
2025-10-27,97.07999699999999,115.92569066666665,15.30312457986111,13.745243111652222
2025-10-28,62.409997,164.37499464930553,9.957894410526315,14.460805003858527
2025-10-29,0.79,183.67943620209059,11.958187731707318,8.498034753080418
2025-10-30,0,184.1440901770833,12.636457961805556,7.681542512989444
2025-10-31,0.12,212.66561934722222,14.292707888888888,8.3976585078
2025-11-01,0.04,196.88749450347223,13.343402434027777,5.578415705093889
2025-11-02,1.48,201.38367310416666,13.61493011111111,3.974072834893333
2025-11-03,0.01,210.05068804513888,14.002430045138889,5.0904308920088885
2025-11-04,0.59,240.6312405486111,15.055902229166666,6.2216377539
2025-11-05,1.4,241.33020131944443,15.7496521875,4.210978314645
2025-11-06,0.35,223.59999147916665,16.603471638888887,4.651042132919445
2025-11-07,0.13,238.6696774808362,17.541462860627178,4.381428858512613
2025-11-08,2.82,182.73610399305554,17.999999211805555,4.109061723782222
2025-11-09,36.339999999999996,97.54895451388889,17.812499225694445,6.090698545176666
2025-11-10,179.579999,141.3048563923611,17.084027017361112,7.728113598662778
2025-11-11,0.12,191.5798548472222,17.711457482638888,9.361479154218333
2025-11-12,1180.429952,122.21353672569444,16.449651958333334,14.755634965233888
2025-11-13,15.3,206.46492405555554,15.893749434027777,6.245347822728919
2025-11-14,50.84,201.8909654236111,15.092707847222222,10.556805670837221
2025-11-15,0,245.35172809374998,13.980207861111111,9.667228974052778
2025-11-16,0.45,192.74895103819443,14.994443899305555,8.805324911747777
2025-11-17,14.33,153.34930072916666,16.954513302083335,9.628082169277222
2025-11-18,1191.469965,39.88402645833333,17.565277291666668,14.250776541037776
2025-11-19,61.849998,134.99999708680554,17.87673538888889,5.089080982871667
2025-11-20,0.01,226.4076325486111,18.837499090277777,3.668997986501111
2025-11-21,0,178.8546675432526,17.54532801730104,4.1380843213944445
2025-11-22,2.02,185.04409251388887,17.853124184027777,5.03778525234
2025-11-23,5.46,197.73992448263888,17.06701309375,6.48014150312
2025-11-24,7.569999999999999,218.29030444636678,18.273355743944638,7.684557543327889
2025-11-25,26.919999999999998,175.69582633680554,17.758679784722222,8.515773826074444
2025-11-26,0.11,151.20346646180556,17.90555470486111,5.289539509869444
2025-11-27,0.19,120.98888367013889,19.409374152777776,5.293746829659652
2025-11-28,0,207.53020046527777,19.09791580902778,9.572736718083332
2025-11-29,0,252.43714453819445,18.44444378125,7.410889858261666
2025-11-30,63.629999,141.06388266319445,18.483332555555556,9.742147800636666
2025-12-01,1.4,235.587146,16.98194380902778,6.804117174253937
2025-12-02,46.929998,95.60624644791666,18.162152006944446,7.765235711843333
2025-12-03,432.799989,125.16145338541666,15.097916222222223,9.916283480802221
2025-12-04,0,253.3392273298611,15.559721722222221,11.289120345813332
2025-12-05,0,206.2010344583333,18.08437435763889,9.691526980802221
2025-12-06,0.24,261.85867049305557,20.456249256944446,7.554652964183333
2025-12-07,0,267.3609647317073,20.765852923344948,5.390600052889756
2025-12-08,0,262.516366891986,19.56933724041812,4.2413508551416665
2025-12-09,0,265.1659630902778,19.504165961805555,5.5649168364533335
2025-12-10,0,264.23957337152774,19.540276875,5.355009107481666
2025-12-11,0.02,152.5418075121951,18.79756859375,7.432488087233333
2025-12-12,0.01,224.04145494076653,16.04529562020906,10.313865669103276
2025-12-13,0,248.7972233217993,16.297923339100347,6.335028413817222
2025-12-14,0,224.89651755555553,16.782985416666666,7.317747437185555
2025-12-15,10.81,166.99027201388887,17.0763881875,7.753836290149757
2025-12-16,109.989997,131.61214896180556,15.617013329861111,11.146032251830555
2025-12-17,0.43,209.8694372534722,13.818055177083332,8.137804950684444
2025-12-18,0,178.0642312048611,15.906596743055555,8.618365408627778
2025-12-19,3.75,175.07117509027776,16.55069381597222,12.585013625151111
2025-12-20,0.22999999999999998,236.54825577430555,15.043598058823529,11.31059237463031
2025-12-21,0,225.729158125,15.146340926829268,9.801152517907735
2025-12-22,21,156.62603693402778,18.10486022222222,8.413182257019999
2025-12-23,3.64,79.95833086458333,18.773957638888888,9.248478913163483
2025-12-24,0,252.13471345833332,17.669096572916665,9.19544286813111
2025-12-25,0.18,252.66631022222222,17.745138197916667,5.183573232091667
2025-12-26,48.83,128.65312027430554,17.53055492361111,8.313290580483889
2025-12-27,14.489999,169.84513440972222,15.672568892361111,4.899421688475
2025-12-28,185.109994,116.15867514930555,17.21666592361111,11.122409142279444
2025-12-29,60.919999,132.66423139930555,17.010415965277776,18.020341135020555
2025-12-30,119.059997,152.1260352986111,19.187499336805555,13.89238106128611
2025-12-31,151.179992,113.07603739583332,18.09479084375,10.529133036357777
2026-01-01,164.009995,130.2690926701389,17.060763215277778,4.608520619420555
2026-01-02,279.899985,135.94062118055555,18.005901947916666,6.709622519738889
2026-01-03,19.4,186.30138253472222,16.800346559027776,9.078677445495
2026-01-04,17.099998,242.57186676041664,17.735763274305555,5.633086184845555
2026-01-05,3.6199999999999997,251.76491914583332,18.609026850694445,4.296696245590556
2026-01-06,0,234.36388124305554,19.441318694444444,4.5072789392549995
2026-01-07,0.02,250.42221472916665,19.43402701736111,7.802357541547222
2026-01-08,0,253.30033872916664,20.112151930555555,9.104325388379443
2026-01-09,0,255.7381846111111,20.398610322916667,10.863905413307778
2026-01-10,17.700001,245.23853269097222,20.98333245486111,9.649680438745555
2026-01-11,0,234.75346418402776,21.34513813888889,10.480536982362223
2026-01-12,0,195.41145090625,19.127429795138887,9.564637391499444
2026-01-13,21.439999999999998,108.5427037673611,18.51388812847222,7.052494277268333
2026-01-14,203.529994,132.04178474626866,19.64552144402985,7.417055004610149
2026-01-27,0,503.3293924117647,19.76470470588235,5.305539650362353
2026-01-28,0,201.18541000694444,18.045138170138888,5.595964233651666
2026-01-29,0,228.60381172569444,19.164929802083332,9.781969563355554
2026-01-30,4.22,239.48610184027777,19.39201319097222,4.645642584113333
2026-01-31,0,215.42672727777776,18.999652090277777,5.926687045176666
2026-02-01,0.59,174.8593684236111,20.12395751388889,4.132684806335555
2026-02-02,5.56,111.80242762499999,21.298957527777777,6.918855392008888
2026-02-03,12.819999,140.56145552430556,18.293054788194443,7.058568797516666
2026-02-04,0,183.48263318055555,17.714235524305554,6.933704109041666
2026-02-05,17.419999,236.61284012847221,18.728124243055554,6.033328220152778
2026-02-06,0,243.60450365277777,19.095485447916666,9.671278694715
2026-02-07,0,224.00971390277778,20.947915777777776,11.245249091913333
2026-02-08,0.01,192.5444375659722,20.94201317013889,8.297766750270554
2026-02-09,0.5599999999999999,178.25797912847221,19.385415819444443,5.470424560235555
2026-02-10,4.45,192.27360529166666,19.112152135416668,4.932493925756111
2026-02-11,31.889996999999997,192.78089566666665,19.87569357638889,6.374850163037222
2026-02-12,52.629999999999995,129.3694409513889,20.396527024305556,11.504427738331666
2026-02-13,394.35999,42.36249847222222,20.573262944444444,6.739320149538333
2026-02-14,220.029991,103.35902359027777,18.686110333333332,6.253360115791111
2026-02-15,452.759981,71.62742818402778,14.05157856491228,14.372138604252632
2026-02-16,0,161.65242576388889,16.695138274305556,7.437212664597222
2026-02-17,0,162.60485616666665,17.61631852083333,5.526444989621111
2026-02-18,0,182.94964621180554,17.499652166666667,8.93221449430111
2026-02-19,0.39999999999999997,196.0975619375,17.86249929513889,11.393061803756666
2026-02-20,0,213.58645215277778,16.590624506944444,9.35202993199611
2026-02-21,0,226.64652120138888,16.394443788194444,6.785891248710556
2026-02-22,0,200.9808940347222,16.708332621527777,8.471902470932777
2026-02-23,0.16999999999999998,195.15381284027777,17.247916083333333,5.779549183285555
2026-02-24,0,185.42568671875,19.052082545138887,5.799797489621111
2026-02-25,23.74,185.33610290277778,18.390276850694445,4.792105488061111
2026-02-26,0,163.61075855902777,18.467012989583335,4.727985745590555
2026-02-27,72.57,105.96770517013888,17.436110513888888,7.027521454313889
2026-02-28,0,154.42430059375,16.771179871527778,5.001338265838888
2026-03-01,0,142.09687049652777,15.756596614583334,8.558295251830556
2026-03-02,0.83,189.33749200694444,11.572916274305555,13.522511471983332
2026-03-03,0,181.75068780208332,12.888888489583334,10.028999182776111
2026-03-04,0,186.82568517708333,15.338193923611112,4.460032855141667
2026-03-05,0,162.36423005902776,15.988541114583333,4.339217826583889
2026-03-06,0,212.14165819444443,16.503124524305555,5.913188156287777
2026-03-07,0,174.92638236458333,16.490971586805554,4.023343779337778
2026-03-08,0,150.96666222916667,16.59236053472222,5.372557696784444
2026-03-09,0.12,145.53680100694444,17.551735427083333,6.8783586915949995
2026-03-10,0,129.37117568055555,15.671180034722221,9.038180724832777
2026-03-11,0,112.73471860416666,15.359027256944444,8.906566605412221
2026-03-12,0.86,83.73506633333334,17.67187417013889,11.171680025978889
2026-03-13,9.739999999999998,112.37603829166666,20.056943899305555,5.2679412808977775
2026-03-14,0.04,176.28228535416665,17.85242990277778,9.996601768449445
2026-03-15,0,175.87777162499998,17.50381879861111,4.995938690035
2026-03-16,0.28,148.46214782291665,16.61597157986111,5.300338607481667
2026-03-17,2.35,155.84096639930556,17.76180486111111,3.5785554309455554
2026-03-18,0.02,164.84200771874998,17.536110503472223,7.647795311015555
2026-03-19,0,137.96770380902777,17.640276868055555,11.218926170837221
2026-03-20,0,161.8249949201389,17.668749381944444,5.840294183285556
2026-03-21,8.81,107.51631678125,17.33090187152778,4.806954279337778
2026-03-22,0,151.91978612152778,17.244790944444443,5.169399432505555
2026-03-23,0,129.34652311458333,16.51388828472222,5.903738913817222
2026-03-24,2.4299999999999997,115.74652415624999,16.881596569444444,8.253895435625555
2026-03-25,173.789995,45.29340154861111,16.517360611111112,14.88080087445481
2026-03-26,980.219973,39.3306607456446,15.866201526132404,17.29814335292655
2026-03-27,24.38,99.75937196180556,17.621526871527777,8.03251361735111
2026-03-28,0,149.45225951567943,18.268054875,3.6548241059216666
2026-03-29,98.02999899999999,110.25034331597222,17.98402695486111,5.631736390448888
2026-03-30,0,138.29999509027778,17.821179878472222,8.381459861381666
2026-03-31,0,152.12940664359863,15.63321744982699,8.677328449124984
2026-04-01,0,151.35051278200692,15.29861539100346,5.1464512066538886
2026-04-02,0,146.10277136805556,15.050346725694444,4.042917208723333
2026-04-03,0,134.60867596875,15.515624517361111,4.120535759089445
2026-04-04,0,58.04444214236111,15.936110489583333,5.428578119420556
2026-04-05,7.56,108.67742685069445,16.22743001736111,9.045605187965556
2026-04-06,0,108.23576067708333,16.671079724738675,11.710285665647778
2026-04-07,269.87999,33.19305451736111,17.02048551736111,14.793502383818257
2026-04-08,130.919997,54.70277585763889,17.737499118055556,8.413665756111834
2026-04-09,47.069999,58.819095187500004,16.965971416666665,3.5481829444444446
2026-04-10,0.8200000000000001,72.84791405555556,17.247568694444443,6.9424784003183335
2026-04-11,391.819987,69.19270535069444,19.34791583333333,18.05813800366111
2026-04-12,477.199991,42.084373069444446,17.43367979861111,13.961782792032892
2026-04-13,35.669999,92.39233161672475,15.710103961672473,5.714079592422777
2026-04-14,224.359989,75.17404569896193,13.323239017605633,8.75754645940507
2026-04-15,2.8400000000000003,112.16423287847222,14.646180201388889,12.085554790257778
2026-04-16,0,131.5933985625,13.606943989583334,9.85103106064775
2026-04-17,0.9199999999999999,84.48888625347223,14.971527277777778,6.629304137599444
2026-04-18,642.849969,76.32638687847222,15.768749572916667,10.91385136969111
2026-04-19,185.089993,95.38853803125001,15.472916149305556,7.583000664597223
2026-04-20,203.339994,93.41735764583333,13.271527333333333,8.279543304266111
2026-04-21,24.879998999999998,74.18541307291667,11.583274885017422,16.299808978500906
2026-04-22,0.12,101.78506585416667,10.740277375,15.15722688943
2026-04-23,0,127.01323549825784,11.351041284722221,8.265369362941668
2026-04-24,0,125.65277351388889,11.719096763888889,5.257142223782222
2026-04-25,0,122.85416315972222,12.374305111111111,4.275770697059791
2026-04-26,1.68,99.51596821527778,13.335763496527777,6.236486464183334
2026-04-27,0,115.79999725,13.834374576388889,3.5036365908627776
2026-04-28,0,102.57048203125001,14.432291159722222,3.5454831666666666
2026-04-29,0,89.12221923958333,14.055902319444444,5.178173723782222
2026-04-30,0,116.81654908965517,12.188620272413793,7.639961355597242
2026-05-01,0,114.41978811458334,12.135068958333333,5.603388730531667
2026-05-02,0.01,114.6986110415225,11.617992719723183,5.178173730531666
2026-05-03,0,110.31428327874565,12.33066156794425,3.584928613240418
2026-05-04,0,104.21631586458334,13.174048051903114,5.845644701488166
2026-05-05,4.5,56.71180320486111,14.585068961805556,2.521573630662021
2026-05-06,8.7,51.66631736805556,15.470138645833334,5.2395937087233335
2026-05-07,5.63,41.70449674394464,15.311072145328719,7.4529504613693796
2026-05-08,250.409991,50.80590106597222,15.182985628472222,11.552640331906899
2026-05-09,0,89.26262693771626,13.839791923875433,7.259027324514444
2026-05-10,0,87.33598292733564,13.532638534722222,8.856620730022222
2026-05-11,1.93,61.23079378546713,11.93667780968858,5.222808797596678
2026-05-12,0.06,61.36550309407666,12.087804519163763,6.290726672707456
2026-05-13,0,98.81950896864112,11.146689540069687,7.432488012989444
2026-05-14,0,101.24459518118468,11.275609390243902,6.132239369571568
2026-05-15,0,100.85516906551725,11.057930686206896,6.831016861240692
2026-05-16,0,86.6888469163763,11.158884606271776,8.895767555046111
2026-05-17,0,83.81937445674741,11.544096760416666,7.335970997930556
2026-05-18,0,90.92638613888889,12.26979126736111,6.525748435969338
2026-05-19,0,98.86388582986112,11.609027354166667,3.872831222222222
2026-05-20,2.98,67.07525850522649,12.134145905923345,4.265611241005157
2026-05-21,0.03,76.09198401045296,12.654354979094077,4.436289861605575
2026-05-22,0.22999999999999998,74.68020595833333,13.261110708333334,5.690456530117778
2026-05-23,0.32,51.431248277777776,13.168749628472222,5.442751905178537
2026-05-24,0,90.0204124532872,11.484082629757786,7.673795812835433
2026-05-25,0,79.84826110763889,11.432525543252595,4.316804533066297
2026-05-26,0,81.54791325694444,12.21458295138889,6.773067290767222
2026-05-27,0,75.98222753658537,12.211149404181185,4.207122224168951
2026-05-28,0,78.88884739372823,11.836584951219512,4.85756097300979
2026-05-29,3.61,40.6236922369338,12.255051850174215,3.333651728418676
2026-05-30,5.36,40.19965095138889,13.355555128472222,7.601154074839585
2026-05-31,34.51,25.88096806228374,14.855362823529411,11.588379991092596
2026-06-01,853.269979,13.79930268641115,15.426131958188153,18.12023281830611
2026-06-02,255.779991,30.150864169550175,13.997577321799309,3.716837281248443
2026-06-03,0.01,65.35555300347222,12.267246996515679,3.7975995894372128
2026-06-04,37.079999,19.324738027874567,13.933797578397213,5.47864860881561
2026-06-05,474.759988,32.66249899305556,14.22326360763889,9.578811211333889
2026-06-06,19.699999000000002,47.99860430662021,12.110763496527778,5.444101814645
2026-06-07,1.5899999999999999,76.27117752430556,11.353818965277778,6.857248591927474
2026-06-08,0,67.41556871972318,12.458823062283736,12.337309034288333
2026-06-09,0,87.43598295847751,9.688926955017301,10.073664618324152
2026-06-10,0,84.38999742413793,10.282068596551724,8.502624054666484
2026-06-11,0,79.35589971875,9.652430204861112,5.717454355141666
2026-06-12,0,78.10830179584775,10.205189937716263,6.77384502254782
2026-06-13,0,70.95763561458334,10.665624621527778,5.225499253761107
2026-06-14,0,51.335762548611115,11.922916229166667,5.828810747601394
2026-06-15,5.4799999999999995,41.776734760416666,12.109374621527778,4.596371585673333
2026-06-16,62.94,43.39302983275262,9.811188437062937,6.4112735355921675
2026-06-17,0.09,66.36110853819444,10.39409689236111,6.117378662103253
2026-06-18,0,76.59999785121107,10.61072617301038,7.414939497930556
2026-06-19,0,77.25034396875,9.783390671280277,4.451998921192526
2026-06-20,0.16,33.302428802083334,12.425346802083332,6.291157031677778
2026-06-21,0.03,71.23055299652778,12.431944048611111,5.049242838780766
2026-06-22,0,58.43437232986111,10.919444135416667,7.187483247150555
2026-06-23,187.099996,25.464807731707317,12.11045250174216,14.057281531295889
2026-06-24,887.039968,24.242159550522647,12.971428149825783,14.140588858272892
2026-06-25,402.519989,24.603113532871973,10.71527738888889,16.485517481852778
2026-06-26,0.52,49.14494618466899,11.726480421602787,9.61015499197101
2026-06-27,0,79.8677059826389,13.358680125,7.528330124100556
2026-06-28,0,81.58200452941176,11.864582958333333,9.063828701464445
2026-06-29,0.12,75.01176173702423,10.286158764705883,10.476626961794206
2026-06-30,0,76.05416291666667,8.685416354166666,7.252952770518889
2026-07-01,0,83.29477006968641,8.21916349477352,4.331308989547038
2026-07-02,0,84.699649625,7.775347010416667,3.9646236666666668
2026-07-03,0,63.25120884083045,8.053978930795848,3.0682974444444446
2026-07-04,248.589996,48.685120041522495,10.931944072916666,7.363563754216585
2026-07-05,246.019995,60.03414412195122,11.43205537979094,8.832619052927665
2026-07-06,219.839996,35.65277677777778,9.837152447916667,9.496369303603066
2026-07-07,106.019994,47.58923414583334,10.312280221052632,10.912103602046878
2026-07-08,63.899997,71.49721007665505,10.842104814035087,9.113540078845755
2026-07-09,13.939999,68.07812258333334,10.313888423611111,20.51702658705175
2026-07-10,0,80.4524283125,7.9291663819444445,10.25645537281111
2026-07-11,0,87.74705653633218,7.9920412837370245,7.151178656154464
2026-07-12,0,80.53576125347222,7.535763635416667,3.7121944444444446
2026-07-13,0.86,51.86020571280277,10.898269519031142,3.3065458269896193
2026-07-14,0.08,47.003817743055556,10.561805152777778,4.296021348392222
2026-07-15,0.45,56.744789753472226,11.19166626736111,3.920077299586111
2026-07-16,0,76.70242731597223,10.913541305555556,6.842586609041667
2026-07-17,0,89.3717734390244,10.572125041811846,9.697526136589268
2026-07-18,0,91.74201038888889,10.812846857638888,8.988234950684445
2026-07-19,0,76.84982475086505,10.884374572916666,7.0545191578477775
2026-07-20,0.42000000000000004,60.07812291319445,9.249999656249999,6.758061007789268
2026-07-21,0,89.03275036933798,8.271079839721255,4.281866342246133
2026-07-22,0.01,84.61176211764706,8.084374767361112,4.437759681725556
2026-07-23,0.04,83.70905625783972,10.017769602787457,3.23408919183331
2026-07-24,74.999998,48.68640911498258,10.421950731707318,7.183433566985
2026-07-25,0.14,73.37058565743945,7.770587986159169,9.470334462771488
2026-07-26,0,63.81003184083045,6.4816606920415225,9.204653902412181
2026-07-27,0,98.21079823344948,6.550870829268293,7.858667232155541
2026-07-28,0,93.89342192387544,7.695155408304498,4.963181745110588
2026-07-29,0.02,67.14255866435987,8.799307674740485,2.5162302560553633
2026-07-30,172.999997,77.14529342857143,10.73205536933798,5.323961690035
2026-07-31,21.439999999999998,82.07750615224914,8.577854432525951,7.469995293609966
2026-08-01,0.09,103.69337652961673,6.749825564459931,8.469588375012684
2026-08-02,0,99.3351695275862,8.289999737931035,6.175378465748413
2026-08-03,0,105.19340002430556,10.878819111111111,13.219466097908294
2026-08-04,21.15,75.34344671724138,6.437930813793104,11.051735485932138
