site_id,site_type,eff_fetch_m,wind_spd_ms,wind_dir_deg,wave_energy_proxy,round
1,Stone_pile,4591.54578014094,7.6632226106744445,326.08831074149714,269638.43769271986,0
2,Control,4633.5319902643205,7.6632226106744445,326.08831074149714,272104.077075272,0
3,Stone_pile,719.1138702322024,7.6632226106744445,326.08831074149714,42229.94820855831,0
4,Control,720.936592793649,7.6632226106744445,326.08831074149714,42336.987555947904,0
5,Stone_pile,59.565008731624864,7.6632226106744445,326.08831074149714,3497.953992969998,0
6,Control,17.107211014400097,7.6632226106744445,326.08831074149714,1004.6206380329154,0
7,Stone_pile,713.3876529265408,7.6632226106744445,326.08831074149714,41893.676207336925,0
8,Control,1004.5222846032423,7.6632226106744445,326.08831074149714,58990.55185716254,0
9,Stone_pile,0,7.6632226106744445,326.08831074149714,0,0
10,Control,0,7.6632226106744445,326.08831074149714,0,0
11,Reference,112.95972726844295,7.6632226106744445,326.08831074149714,6633.557812838305,0
12,Reference,220.1289698152752,7.6632226106744445,326.08831074149714,12927.069521688785,0
13,Reference,624.8926923641482,7.6632226106744445,326.08831074149714,36696.811349117,0
14,Reference,563.7418826891998,7.6632226106744445,326.08831074149714,33105.731226228236,0
15,Reference,282.3474596931658,7.6632226106744445,326.08831074149714,16580.849143975323,0
16,Reference,317.51384551851237,7.6632226106744445,326.08831074149714,18645.994475697313,0
17,Reference,77.63641975830669,7.6632226106744445,326.08831074149714,4559.1972581929585,0
18,Reference,272.5232273228882,7.6632226106744445,326.08831074149714,16003.92128684513,0
19,Reference,34.09873061827246,7.6632226106744445,326.08831074149714,2002.4473002060918,0
20,Reference,51.758884614464485,7.6632226106744445,326.08831074149714,3039.5395042175896,0
1,Stone_pile,177.10648175921915,10.149111489153904,105.53671759495944,18242.758227948012,1
2,Control,51.146870574674885,10.149111489153904,105.53671759495944,5268.355989807655,1
3,Stone_pile,834.2652658435354,10.149111489153904,105.53671759495944,85933.046558112,1
4,Control,804.3510113224343,10.149111489153904,105.53671759495944,82851.74480462976,1
5,Stone_pile,71.82422616849635,10.149111489153904,105.53671759495944,7398.215920085209,1
6,Control,58.53268318154776,10.149111489153904,105.53671759495944,6029.127658725405,1
7,Stone_pile,959.6440394525673,10.149111489153904,105.53671759495944,98847.61993310445,1
8,Control,296.4191779556762,10.149111489153904,105.53671759495944,30532.498550358756,1
9,Stone_pile,1323.9383915827225,10.149111489153904,105.53671759495944,136371.5644195204,1
10,Control,1227.392047619769,10.149111489153904,105.53671759495944,126426.86000659574,1
11,Reference,4429.64459896892,10.149111489153904,105.53671759495944,456273.1677126734,1
12,Reference,3961.207311474459,10.149111489153904,105.53671759495944,408022.0359876631,1
13,Reference,60.03633652167588,10.149111489153904,105.53671759495944,6184.010665096096,1
14,Reference,104.29379521093232,10.149111489153904,105.53671759495944,10742.726476238195,1
15,Reference,364.6650652094313,10.149111489153904,105.53671759495944,37562.129588451724,1
16,Reference,319.7507683496234,10.149111489153904,105.53671759495944,32935.75651360457,1
17,Reference,3218.816466823497,10.149111489153904,105.53671759495944,331552.46494157333,1
18,Reference,3230.998841951825,10.149111489153904,105.53671759495944,332807.3039621485,1
19,Reference,139.80078656093158,10.149111489153904,105.53671759495944,14400.10508918193,1
20,Reference,191.74998208099032,10.149111489153904,105.53671759495944,19751.104129958145,1
1,Stone_pile,64.50101396710782,8.211843285127188,122.53689862515307,4349.585250230265,2
2,Control,38.41114133675029,8.211843285127188,122.53689862515307,2590.2311223826255,2
3,Stone_pile,649.6301632649571,8.211843285127188,122.53689862515307,43807.400883385446,2
4,Control,630.3772557273404,8.211843285127188,122.53689862515307,42509.09319023246,2
5,Stone_pile,78.35899689825959,8.211843285127188,122.53689862515307,5284.089600596267,2
6,Control,77.30312244636053,8.211843285127188,122.53689862515307,5212.887371986077,2
7,Stone_pile,614.9098886689649,8.211843285127188,122.53689862515307,41466.06103493463,2
8,Control,81.80115511490594,8.211843285127188,122.53689862515307,5516.209371856278,2
9,Stone_pile,1889.1757474617546,8.211843285127188,122.53689862515307,127395.37661288076,2
10,Control,1783.2107485229697,8.211843285127188,122.53689862515307,120249.69365261224,2
11,Reference,4465.52037025347,8.211843285127188,122.53689862515307,301129.55351309816,2
12,Reference,4171.273303876658,8.211843285127188,122.53689862515307,281287.18792658555,2
13,Reference,59.52224987915952,8.211843285127188,122.53689862515307,4013.845429886366,2
14,Reference,144.1280177708963,8.211843285127188,122.53689862515307,9719.182097833394,2
15,Reference,517.8860469035495,8.211843285127188,122.53689862515307,34923.31937697045,2
16,Reference,463.55621000249596,8.211843285127188,122.53689862515307,31259.621045766766,2
17,Reference,3404.292656374875,8.211843285127188,122.53689862515307,229566.3310531258,2
18,Reference,3390.500171557058,8.211843285127188,122.53689862515307,228636.24352677783,2
19,Reference,166.74860475511917,8.211843285127188,122.53689862515307,11244.587133299976,2
20,Reference,565.2645747924597,8.211843285127188,122.53689862515307,38118.2605632953,2
1,Stone_pile,4533.806134759232,7.862663757789022,297.5367099237742,280286.61148636404,3
2,Control,4545.203728955059,7.862663757789022,297.5367099237742,280991.2276435819,3
3,Stone_pile,226.65968169340428,7.862663757789022,297.5367099237742,14012.437288696707,3
4,Control,183.15264688822379,7.862663757789022,297.5367099237742,11322.767947109181,3
5,Stone_pile,173.57551261862258,7.862663757789022,297.5367099237742,10730.695319301727,3
6,Control,76.38722131985304,7.862663757789022,297.5367099237742,4722.371179582329,3
7,Stone_pile,387.8301120072324,7.862663757789022,297.5367099237742,23976.232043423468,3
8,Control,900.9263018626447,7.862663757789022,297.5367099237742,55696.59858458676,3
9,Stone_pile,32.20786994220025,7.862663757789022,297.5367099237742,1991.1382315362775,3
10,Control,28.47983628492825,7.862663757789022,297.5367099237742,1760.6656682537773,3
11,Reference,93.01795572296959,7.862663757789022,297.5367099237742,5750.50781662157,3
12,Reference,220.24350068778472,7.862663757789022,297.5367099237742,13615.779474203768,3
13,Reference,1287.0155038833902,7.862663757789022,297.5367099237742,79565.20499371718,3
14,Reference,1207.4989827249728,7.862663757789022,297.5367099237742,74649.37586247001,3
15,Reference,483.3247432020729,7.862663757789022,297.5367099237742,29879.851606584012,3
16,Reference,570.5623370266977,7.862663757789022,297.5367099237742,35273.00888780648,3
17,Reference,69.01421688800504,7.862663757789022,297.5367099237742,4266.561123472295,3
18,Reference,142.2873846959704,7.862663757789022,297.5367099237742,8796.416901890352,3
19,Reference,111.18181138831312,7.862663757789022,297.5367099237742,6873.424281208536,3
20,Reference,113.35148118928979,7.862663757789022,297.5367099237742,7007.556482384433,3
1,Stone_pile,4762.700882556267,8.941181639382302,323.4813006249579,380752.8318804279,4
2,Control,4794.11686573705,8.941181639382302,323.4813006249579,383264.37414549047,4
3,Stone_pile,524.7052101039917,8.941181639382302,323.4813006249579,41947.415883543996,4
4,Control,501.3319908083959,8.941181639382302,323.4813006249579,40078.85019856573,4
5,Stone_pile,97.03710886242075,8.941181639382302,323.4813006249579,7757.605381471187,4
6,Control,25.074927798471894,8.941181639382302,323.4813006249579,2004.6083102622063,4
7,Stone_pile,584.7757315980787,8.941181639382302,323.4813006249579,46749.73745179073,4
8,Control,983.8531497550791,8.941181639382302,323.4813006249579,78653.87353964266,4
9,Stone_pile,0,8.941181639382302,323.4813006249579,0,4
10,Control,3.7031229349151134,8.941181639382302,323.4813006249579,296.0451598869926,4
11,Reference,107.25464133660252,8.941181639382302,323.4813006249579,8574.443247276206,4
12,Reference,233.5888180937598,8.941181639382302,323.4813006249579,18674.194785263306,4
13,Reference,838.2552695876429,8.941181639382302,323.4813006249579,67014.09045089573,4
14,Reference,775.3841066757593,8.941181639382302,323.4813006249579,61987.872363173396,4
15,Reference,351.549771441954,8.941181639382302,323.4813006249579,28104.55124605651,4
16,Reference,401.069699192518,8.941181639382302,323.4813006249579,32063.40845554423,4
17,Reference,76.6458144686683,8.941181639382302,323.4813006249579,6127.428874992457,4
18,Reference,234.62115285426336,8.941181639382302,323.4813006249579,18756.724508040974,4
19,Reference,58.39197090077415,8.941181639382302,323.4813006249579,4668.1302957695525,4
20,Reference,73.558579560488,8.941181639382302,323.4813006249579,5880.6207165639025,4
1,Stone_pile,2556.8393107754787,9.924441803314837,17.13293517611538,251834.72482750556,5
2,Control,2285.7401238603366,9.924441803314837,17.13293517611538,225132.93373331724,5
3,Stone_pile,1603.2418051269824,9.924441803314837,17.13293517611538,157910.57229312178,5
4,Control,1650.922372029505,9.924441803314837,17.13293517611538,162606.8480406479,5
5,Stone_pile,0,9.924441803314837,17.13293517611538,0,5
6,Control,0,9.924441803314837,17.13293517611538,0,5
7,Stone_pile,2170.983605021751,9.924441803314837,17.13293517611538,213830.0426122039,5
8,Control,2187.296251889057,9.924441803314837,17.13293517611538,215436.7493448966,5
9,Stone_pile,0,9.924441803314837,17.13293517611538,0,5
10,Control,0,9.924441803314837,17.13293517611538,0,5
11,Reference,379.9275846064664,9.924441803314837,17.13293517611538,37420.79461956069,5
12,Reference,118.01610589464406,9.924441803314837,17.13293517611538,11623.942665437713,5
13,Reference,68.79971048333255,9.924441803314837,17.13293517611538,6776.396187575492,5
14,Reference,53.714735514347375,9.924441803314837,17.13293517611538,5290.608440049037,5
15,Reference,68.9276903508577,9.924441803314837,17.13293517611538,6789.001506410285,5
16,Reference,49.04751278309218,9.924441803314837,17.13293517611538,4830.91246021922,5
17,Reference,32.17296606948266,9.924441803314837,17.13293517611538,3168.8616577689645,5
18,Reference,418.9315236743182,9.924441803314837,17.13293517611538,41262.46985544484,5
19,Reference,0,9.924441803314837,17.13293517611538,0,5
20,Reference,3.8707487778941694,9.924441803314837,17.13293517611538,381.2476401036451,5
1,Stone_pile,1462.4142434914233,6.335056889894121,249.52432424495203,58690.9915685496,6
2,Control,1463.5999067046037,6.335056889894121,249.52432424495203,58738.57572601908,6
3,Stone_pile,144.54207220593293,6.335056889894121,249.52432424495203,5800.89914939949,6
4,Control,97.49551359102048,6.335056889894121,249.52432424495203,3912.7821625156066,6
5,Stone_pile,473.8296330341358,6.335056889894121,249.52432424495203,19016.178980137585,6
6,Control,296.2700769931086,6.335056889894121,249.52432424495203,11890.19094159148,6
7,Stone_pile,42.494506810760406,6.335056889894121,249.52432424495203,1705.4297385572745,6
8,Control,398.48427171825654,6.335056889894121,249.52432424495203,15992.347678301989,6
9,Stone_pile,481.1277028262816,6.335056889894121,249.52432424495203,19309.07201953722,6
10,Control,1649.639682477999,6.335056889894121,249.52432424495203,66204.8999634411,6
11,Reference,239.09834459045132,6.335056889894121,249.52432424495203,9595.720903886728,6
12,Reference,256.13490776635837,6.335056889894121,249.52432424495203,10279.448370412929,6
13,Reference,1633.3162023406353,6.335056889894121,249.52432424495203,65549.79061985038,6
14,Reference,1608.168813382143,6.335056889894121,249.52432424495203,64540.551821813075,6
15,Reference,923.2784246374482,6.335056889894121,249.52432424495203,37053.88297261755,6
16,Reference,975.0926506996526,6.335056889894121,249.52432424495203,39133.34049874742,6
17,Reference,20.369210457204883,6.335056889894121,249.52432424495203,817.4764192310298,6
18,Reference,57.84271185542405,6.335056889894121,249.52432424495203,2321.398419714343,6
19,Reference,1083.301884535468,6.335056889894121,249.52432424495203,43476.09581514441,6
20,Reference,871.4264200011215,6.335056889894121,249.52432424495203,34972.9092810201,6
