"Group","Variable","Unit","n","Mean","Median","Min","Max","CI_low","CI_high"
"All sites","Substrate index","",140,4.4125,4.7,2.4,6.6,4.19484442880411,4.63015557119589
"1","Substrate index","",7,5.2,5.2,5.2,5.2,5.2,5.2
"2","Substrate index","",7,4.4,4.4,4.4,4.4,4.4,4.4
"3","Substrate index","",7,3,3,3,3,3,3
"4","Substrate index","",7,3,3,3,3,3,3
"5","Substrate index","",7,2.4,2.4,2.4,2.4,2.4,2.4
"6","Substrate index","",7,3,3,3,3,3,3
"7","Substrate index","",7,3,3,3,3,3,3
"8","Substrate index","",7,3,3,3,3,3,3
"9","Substrate index","",7,3.35,3.35,3.35,3.35,3.35,3.35
"10","Substrate index","",7,5,5,5,5,5,5
"11","Substrate index","",7,6.6,6.6,6.6,6.6,6.6,6.6
"12","Substrate index","",7,6.2,6.2,6.2,6.2,6.2,6.2
"13","Substrate index","",7,3.6,3.6,3.6,3.6,3.6,3.6
"14","Substrate index","",7,3.5,3.5,3.5,3.5,3.5,3.5
"15","Substrate index","",7,5.2,5.2,5.2,5.2,5.2,5.2
"16","Substrate index","",7,5.2,5.2,5.2,5.2,5.2,5.2
"17","Substrate index","",7,5,5,5,5,5,5
"18","Substrate index","",7,6.2,6.2,6.2,6.2,6.2,6.2
"19","Substrate index","",7,5.7,5.7,5.7,5.7,5.7,5.7
"20","Substrate index","",7,5.7,5.7,5.7,5.7,5.7,5.7
"All sites","Riparian vegetation","%",140,65.5,100,0,100,58.2971052588706,72.7028947411294
"1","Riparian vegetation","%",7,0,0,0,0,0,0
"2","Riparian vegetation","%",7,70,70,70,70,70,70
"3","Riparian vegetation","%",7,100,100,100,100,100,100
"4","Riparian vegetation","%",7,80,80,80,80,80,80
"5","Riparian vegetation","%",7,10,10,10,10,10,10
"6","Riparian vegetation","%",7,0,0,0,0,0,0
"7","Riparian vegetation","%",7,100,100,100,100,100,100
"8","Riparian vegetation","%",7,30,30,30,30,30,30
"9","Riparian vegetation","%",7,0,0,0,0,0,0
"10","Riparian vegetation","%",7,20,20,20,20,20,20
"11","Riparian vegetation","%",7,0,0,0,0,0,0
"12","Riparian vegetation","%",7,100,100,100,100,100,100
"13","Riparian vegetation","%",7,100,100,100,100,100,100
"14","Riparian vegetation","%",7,100,100,100,100,100,100
"15","Riparian vegetation","%",7,100,100,100,100,100,100
"16","Riparian vegetation","%",7,100,100,100,100,100,100
"17","Riparian vegetation","%",7,100,100,100,100,100,100
"18","Riparian vegetation","%",7,100,100,100,100,100,100
"19","Riparian vegetation","%",7,100,100,100,100,100,100
"20","Riparian vegetation","%",7,100,100,100,100,100,100
"All sites","Overhanging trees","%",140,45.75,7.5,0,100,37.5117713348823,53.9882286651177
"1","Overhanging trees","%",7,10,10,10,10,10,10
"2","Overhanging trees","%",7,0,0,0,0,0,0
"3","Overhanging trees","%",7,0,0,0,0,0,0
"4","Overhanging trees","%",7,5,5,5,5,5,5
"5","Overhanging trees","%",7,0,0,0,0,0,0
"6","Overhanging trees","%",7,0,0,0,0,0,0
"7","Overhanging trees","%",7,0,0,0,0,0,0
"8","Overhanging trees","%",7,0,0,0,0,0,0
"9","Overhanging trees","%",7,0,0,0,0,0,0
"10","Overhanging trees","%",7,0,0,0,0,0,0
"11","Overhanging trees","%",7,0,0,0,0,0,0
"12","Overhanging trees","%",7,100,100,100,100,100,100
"13","Overhanging trees","%",7,100,100,100,100,100,100
"14","Overhanging trees","%",7,100,100,100,100,100,100
"15","Overhanging trees","%",7,100,100,100,100,100,100
"16","Overhanging trees","%",7,100,100,100,100,100,100
"17","Overhanging trees","%",7,100,100,100,100,100,100
"18","Overhanging trees","%",7,100,100,100,100,100,100
"19","Overhanging trees","%",7,100,100,100,100,100,100
"20","Overhanging trees","%",7,100,100,100,100,100,100
"All sites","Wood cover","%",140,2.6,0,0,30,1.48834932742114,3.71165067257886
"1","Wood cover","%",7,0,0,0,0,0,0
"2","Wood cover","%",7,0,0,0,0,0,0
"3","Wood cover","%",7,0,0,0,0,0,0
"4","Wood cover","%",7,0,0,0,0,0,0
"5","Wood cover","%",7,0,0,0,0,0,0
"6","Wood cover","%",7,0,0,0,0,0,0
"7","Wood cover","%",7,0,0,0,0,0,0
"8","Wood cover","%",7,0,0,0,0,0,0
"9","Wood cover","%",7,3,3,3,3,3,3
"10","Wood cover","%",7,0,0,0,0,0,0
"11","Wood cover","%",7,0,0,0,0,0,0
"12","Wood cover","%",7,0,0,0,0,0,0
"13","Wood cover","%",7,0,0,0,0,0,0
"14","Wood cover","%",7,0,0,0,0,0,0
"15","Wood cover","%",7,6,6,6,6,6,6
"16","Wood cover","%",7,2,2,2,2,2,2
"17","Wood cover","%",7,30,30,30,30,30,30
"18","Wood cover","%",7,7,7,7,7,7,7
"19","Wood cover","%",7,4,4,4,4,4,4
"20","Wood cover","%",7,0,0,0,0,0,0
"All sites","Emergent vegetation","",120,1.16666666666667,0,0,40,0.223969980221986,2.10936335311135
"1","Emergent vegetation","",6,0,0,0,0,0,0
"2","Emergent vegetation","",6,0,0,0,0,0,0
"3","Emergent vegetation","",6,0,0,0,0,0,0
"4","Emergent vegetation","",6,0,0,0,0,0,0
"5","Emergent vegetation","",6,11.6666666666667,0,0,40,-7.58888070637826,30.9222140397116
"6","Emergent vegetation","",6,11.6666666666667,10,10,20,7.38236360727281,15.9509697260605
"7","Emergent vegetation","",6,0,0,0,0,0,0
"8","Emergent vegetation","",6,0,0,0,0,0,0
"9","Emergent vegetation","",6,0,0,0,0,0,0
"10","Emergent vegetation","",6,0,0,0,0,0,0
"11","Emergent vegetation","",6,0,0,0,0,0,0
"12","Emergent vegetation","",6,0,0,0,0,0,0
"13","Emergent vegetation","",6,0,0,0,0,0,0
"14","Emergent vegetation","",6,0,0,0,0,0,0
"15","Emergent vegetation","",6,0,0,0,0,0,0
"16","Emergent vegetation","",6,0,0,0,0,0,0
"17","Emergent vegetation","",6,0,0,0,0,0,0
"18","Emergent vegetation","",6,0,0,0,0,0,0
"19","Emergent vegetation","",6,0,0,0,0,0,0
"20","Emergent vegetation","",6,0,0,0,0,0,0
"All sites","Submerged vegetation","",120,5.58333333333333,0,0,190,1.29399699788882,9.87266966877785
"1","Submerged vegetation","",6,0,0,0,0,0,0
"2","Submerged vegetation","",6,0,0,0,0,0,0
"3","Submerged vegetation","",6,0,0,0,0,0,0
"4","Submerged vegetation","",6,0,0,0,0,0,0
"5","Submerged vegetation","",6,51.6666666666667,50,0,120,5.00905238152384,98.3242809518095
"6","Submerged vegetation","",6,46.6666666666667,0,0,190,-36.1434921937516,129.476825527085
"7","Submerged vegetation","",6,5,5,5,5,5,5
"8","Submerged vegetation","",6,8.33333333333333,10,0,10,4.04903027393948,12.6176363927272
"9","Submerged vegetation","",6,0,0,0,0,0,0
"10","Submerged vegetation","",6,0,0,0,0,0,0
"11","Submerged vegetation","",6,0,0,0,0,0,0
"12","Submerged vegetation","",6,0,0,0,0,0,0
"13","Submerged vegetation","",6,0,0,0,0,0,0
"14","Submerged vegetation","",6,0,0,0,0,0,0
"15","Submerged vegetation","",6,0,0,0,0,0,0
"16","Submerged vegetation","",6,0,0,0,0,0,0
"17","Submerged vegetation","",6,0,0,0,0,0,0
"18","Submerged vegetation","",6,0,0,0,0,0,0
"19","Submerged vegetation","",6,0,0,0,0,0,0
"20","Submerged vegetation","",6,0,0,0,0,0,0
"All sites","Temperature","Degree C",140,17.4935714285714,17.6,8.3,26.6,16.7125170748589,18.274625782284
"1","Temperature","Degree C",7,17.9428571428571,17.6,12.8,26,13.4933791228958,22.3923351628185
"2","Temperature","Degree C",7,17.8,17.6,12.7,25.8,13.3309753839849,22.2690246160151
"3","Temperature","Degree C",7,17.2571428571429,17.1,10.6,25.2,12.6969070169699,21.8173786973158
"4","Temperature","Degree C",7,17.3142857142857,17.1,10.6,25.6,12.6604247302248,21.9681466983466
"5","Temperature","Degree C",7,16.2285714285714,16.4,8.3,24.2,10.87225472225,21.5848881348929
"6","Temperature","Degree C",7,16.0428571428571,15.9,8.3,24.1,10.7158587927838,21.3698554929305
"7","Temperature","Degree C",7,18.1285714285714,17.9,11.7,26.6,13.4137582714091,22.8433845857337
"8","Temperature","Degree C",7,18.2571428571429,17.9,12.6,25.9,14.1401568736383,22.3741288406475
"9","Temperature","Degree C",7,16.5,16.1,11.2,22.1,12.5017130904072,20.4982869095928
"10","Temperature","Degree C",7,16.6428571428571,16.1,11.2,22.5,12.4814427629388,20.8042715227755
"11","Temperature","Degree C",7,17.9571428571429,17.9,11.4,24.4,13.4326846743447,22.481601039941
"12","Temperature","Degree C",7,18.1,17.9,11.4,25.4,13.3639830057606,22.8360169942395
"13","Temperature","Degree C",7,17.7571428571429,18.8,9.7,24.3,12.8654003047247,22.648885409561
"14","Temperature","Degree C",7,17.7571428571429,18.8,9.7,24.3,12.8654003047247,22.648885409561
"15","Temperature","Degree C",7,17.4285714285714,17.7,10.5,23.2,12.9903670936256,21.8667757635173
"16","Temperature","Degree C",7,17.4714285714286,17.7,10.4,23.4,13.0101575376652,21.9326996051919
"17","Temperature","Degree C",7,17.8857142857143,17.9,11.1,25.3,13.2604286983232,22.5109998731054
"18","Temperature","Degree C",7,17.9,17.9,11.1,25.4,13.2517874655222,22.5482125344778
"19","Temperature","Degree C",7,17.7,18.1,11.1,24.2,13.3140464078479,22.0859535921521
"20","Temperature","Degree C",7,17.8,18.1,11.1,24.9,13.2619687267684,22.3380312732316
"All sites","Dissolved oxygen","mg/l",140,9.96278571428571,10,3.21,11.89,9.78577714613224,10.1397942824392
"1","Dissolved oxygen","mg/l",7,10.7442857142857,11.07,9.03,11.89,9.89244207744052,11.5961293511309
"2","Dissolved oxygen","mg/l",7,10.6328571428571,10.92,9.03,11.54,9.84204256240941,11.4236717233049
"3","Dissolved oxygen","mg/l",7,10.6571428571429,10.79,9.5,11.76,10.016976007435,11.2973097068508
"4","Dissolved oxygen","mg/l",7,10.53,10.33,9.5,11.76,9.87559946857466,11.1844005314253
"5","Dissolved oxygen","mg/l",7,9.36714285714286,9.97,5.75,11.19,7.63677718769092,11.0975085265948
"6","Dissolved oxygen","mg/l",7,8.46285714285714,9.6,3.21,11.19,5.75642433365699,11.1692899520573
"7","Dissolved oxygen","mg/l",7,9.92857142857143,9.68,8.37,11.45,8.97283640247346,10.8843064546694
"8","Dissolved oxygen","mg/l",7,9.71714285714286,9.59,8.38,10.61,9.00941497317942,10.4248707411063
"9","Dissolved oxygen","mg/l",7,9.57428571428571,9.57,8.84,10.38,9.01704901933823,10.1315224092332
"10","Dissolved oxygen","mg/l",7,9.72857142857143,9.57,9.19,10.38,9.29697360030064,10.1601692568422
"11","Dissolved oxygen","mg/l",7,10.1657142857143,9.99,9.66,11.18,9.67025650865127,10.6611720627773
"12","Dissolved oxygen","mg/l",7,10.1228571428571,9.99,9.66,10.88,9.71088656937737,10.5348277163369
"13","Dissolved oxygen","mg/l",7,10.2342857142857,10.37,9.39,11.17,9.71728516289735,10.7512862656741
"14","Dissolved oxygen","mg/l",7,10.2342857142857,10.37,9.39,11.17,9.71728516289735,10.7512862656741
"15","Dissolved oxygen","mg/l",7,9.71,9.61,8.99,10.9,9.08682047840406,10.3331795215959
"16","Dissolved oxygen","mg/l",7,9.73428571428571,9.61,9.08,10.78,9.16200476748434,10.3065666610871
"17","Dissolved oxygen","mg/l",7,9.75428571428571,9.66,8.76,10.33,9.25370411706166,10.2548673115098
"18","Dissolved oxygen","mg/l",7,9.78285714285714,9.86,8.76,10.33,9.28276398157575,10.2829503041385
"19","Dissolved oxygen","mg/l",7,10.0928571428571,9.93,9.41,10.95,9.5906021972092,10.5951120885051
"20","Dissolved oxygen","mg/l",7,10.0814285714286,9.93,9.41,10.9,9.59662856535964,10.5662285774975
"All sites","Specific conductivity","µS/cm",140,165.083275804734,159.617511774727,45.246631227593,339.581902051232,159.74823965079,170.418311958679
"1","Specific conductivity","µS/cm",7,152.717653793941,151.604183805383,142.2,164.4,145.879893238962,159.55541434892
"2","Specific conductivity","µS/cm",7,153.030615534199,152.143026284632,143.9,165.2,146.180951629072,159.880279439325
"3","Specific conductivity","µS/cm",7,164.123966445674,166.882124809026,155.9,170.9,157.846085988217,170.401846903132
"4","Specific conductivity","µS/cm",7,164.75616469591,168.119698397738,157.3,170.9,159.268634615159,170.243694776661
"5","Specific conductivity","µS/cm",7,170.518433402786,170.6,158.8,179.2,164.582923268779,176.453943536792
"6","Specific conductivity","µS/cm",7,153.537425906401,172.6,45.246631227593,179.2,109.021392408677,198.053459404126
"7","Specific conductivity","µS/cm",7,209.877776076937,172.4,157.1,319.852941176471,145.006341525532,274.749210628342
"8","Specific conductivity","µS/cm",7,233.888689363429,200.5,159.8,339.581902051232,167.415800620955,300.361578105904
"9","Specific conductivity","µS/cm",7,153.870120937608,152.8,146.2,166.9,147.505711391171,160.234530484044
"10","Specific conductivity","µS/cm",7,155.02981263669,152.8,148.3,166.9,149.140811419891,160.918813853488
"11","Specific conductivity","µS/cm",7,157.328881044012,156,151.7,168,151.93613541929,162.721626668733
"12","Specific conductivity","µS/cm",7,157.451147503825,156,151.7,168,152.014685222339,162.887609785311
"13","Specific conductivity","µS/cm",7,168.636306563628,168.5,153.9,186.6,157.118093930375,180.154519196881
"14","Specific conductivity","µS/cm",7,168.636306563628,168.5,153.9,186.6,157.118093930375,180.154519196881
"15","Specific conductivity","µS/cm",7,154.931564569291,161.8,104,169.2,133.672283313105,176.190845825477
"16","Specific conductivity","µS/cm",7,154.825756859035,161.9,104,169,133.672279959307,175.979233758763
"17","Specific conductivity","µS/cm",7,157.728508964949,157,152.3,167.1,153.099452752849,162.357565177049
"18","Specific conductivity","µS/cm",7,157.879599932,157,152.3,167.1,153.20115827126,162.558041592739
"19","Specific conductivity","µS/cm",7,156.663210507962,154.7,152.3,163.242473555736,152.52072591384,160.805695102084
"20","Specific conductivity","µS/cm",7,156.233574792779,154.7,152.3,161.9,152.721098564443,159.746051021115
"All sites","pH","",140,7.5635,7.68,3.69,9.48,7.38203953042516,7.74496046957484
"1","pH","",7,7.27571428571429,7.22,6.38,8.12,6.63875899831049,7.91266957311808
"2","pH","",7,7.39142857142857,7.36,6.38,9.08,6.47369404051682,8.30916310234032
"3","pH","",7,7.75571428571429,7.53,7.29,8.82,7.26680238148825,8.24462618994032
"4","pH","",7,7.76,7.64,7.29,8.51,7.38722099960884,8.13277900039115
"5","pH","",7,7.58714285714286,7.79,6.82,8.12,7.14661088060823,8.02767483367748
"6","pH","",7,7.63428571428571,7.86,6.5,8.15,7.07084139871477,8.19773002985666
"7","pH","",7,5.62857142857143,5.88,3.69,7.66,4.19761428798975,7.05952856915311
"8","pH","",7,5.51142857142857,5.37,3.72,8.09,3.85328366590312,7.16957347695402
"9","pH","",7,8.13,8.22,7.24,8.85,7.60841104886535,8.65158895113465
"10","pH","",7,8.11571428571429,7.99,7.46,8.85,7.65738324050406,8.57404533092451
"11","pH","",7,7.80857142857143,7.76,6.52,9.18,6.9560658184003,8.66107703874255
"12","pH","",7,7.80285714285714,7.76,6.52,9.14,6.9594587642874,8.64625552142689
"13","pH","",7,7.67428571428571,7.57,6.45,8.58,6.99071568698872,8.35785574158271
"14","pH","",7,7.66714285714286,7.57,6.45,8.58,6.98226321628981,8.35202249799591
"15","pH","",7,8.42857142857143,8.46,7.12,9.48,7.74827149702778,9.10887136011508
"16","pH","",7,8.27571428571429,8.17,7.6,9.48,7.68535987831038,8.86606869311819
"17","pH","",7,7.60285714285714,7.51,6.39,8.52,6.88112748035128,8.32458680536301
"18","pH","",7,7.62428571428571,7.51,6.39,8.67,6.87404145760552,8.37452997096591
"19","pH","",7,7.81714285714286,7.76,6.59,9.34,6.94404545787877,8.69024025640695
"20","pH","",7,7.77857142857143,7.76,6.59,9.07,6.96988334873968,8.58725950840318
"All sites","Presence Kōura","",136,0.669117647058823,1,0,1,0.58902735486972,0.749207939247927
"1","Presence Kōura","",6,0.666666666666667,1,0,1,0.124740432502177,1.20859290083116
"2","Presence Kōura","",6,0.833333333333333,1,0,1,0.404903027393948,1.26176363927272
"3","Presence Kōura","",7,0.142857142857143,0,0,1,-0.20670169302071,0.492415978734996
"4","Presence Kōura","",7,0.285714285714286,0,0,1,-0.165564230910573,0.736992802339144
"5","Presence Kōura","",7,0.857142857142857,1,0,1,0.507584021265004,1.20670169302071
"6","Presence Kōura","",7,0.428571428571429,0,0,1,-0.0657794179743815,0.922922275117239
"7","Presence Kōura","",7,0.857142857142857,1,0,1,0.507584021265004,1.20670169302071
"8","Presence Kōura","",7,0,0,0,0,0,0
"9","Presence Kōura","",7,0.857142857142857,1,0,1,0.507584021265004,1.20670169302071
"10","Presence Kōura","",7,1,1,1,1,1,1
"11","Presence Kōura","",7,0.714285714285714,1,0,1,0.263007197660856,1.16556423091057
"12","Presence Kōura","",7,0.714285714285714,1,0,1,0.263007197660856,1.16556423091057
"13","Presence Kōura","",6,0.166666666666667,0,0,1,-0.261763639272719,0.595096972606052
"14","Presence Kōura","",6,0.5,0.5,0,1,-0.0747995726208989,1.0747995726209
"15","Presence Kōura","",7,0.857142857142857,1,0,1,0.507584021265004,1.20670169302071
"16","Presence Kōura","",7,0.571428571428571,1,0,1,0.0770777248827613,1.06577941797438
"17","Presence Kōura","",7,1,1,1,1,1,1
"18","Presence Kōura","",7,0.857142857142857,1,0,1,0.507584021265004,1.20670169302071
"19","Presence Kōura","",7,1,1,1,1,1,1
"20","Presence Kōura","",7,1,1,1,1,1,1
"All sites","Presence Catfish","",136,0.257352941176471,0,0,1,0.182940143292913,0.331765739060028
"1","Presence Catfish","",6,0,0,0,0,0,0
"2","Presence Catfish","",6,0,0,0,0,0,0
"3","Presence Catfish","",7,0,0,0,0,0,0
"4","Presence Catfish","",7,0,0,0,0,0,0
"5","Presence Catfish","",7,0.571428571428571,1,0,1,0.0770777248827613,1.06577941797438
"6","Presence Catfish","",7,0.571428571428571,1,0,1,0.0770777248827613,1.06577941797438
"7","Presence Catfish","",7,0.142857142857143,0,0,1,-0.20670169302071,0.492415978734996
"8","Presence Catfish","",7,0,0,0,0,0,0
"9","Presence Catfish","",7,0.142857142857143,0,0,1,-0.20670169302071,0.492415978734996
"10","Presence Catfish","",7,0.142857142857143,0,0,1,-0.20670169302071,0.492415978734996
"11","Presence Catfish","",7,0.714285714285714,1,0,1,0.263007197660856,1.16556423091057
"12","Presence Catfish","",7,0.714285714285714,1,0,1,0.263007197660856,1.16556423091057
"13","Presence Catfish","",6,0.166666666666667,0,0,1,-0.261763639272719,0.595096972606052
"14","Presence Catfish","",6,0,0,0,0,0,0
"15","Presence Catfish","",7,0,0,0,0,0,0
"16","Presence Catfish","",7,0.285714285714286,0,0,1,-0.165564230910573,0.736992802339144
"17","Presence Catfish","",7,0.714285714285714,1,0,1,0.263007197660856,1.16556423091057
"18","Presence Catfish","",7,0.714285714285714,1,0,1,0.263007197660856,1.16556423091057
"19","Presence Catfish","",7,0.142857142857143,0,0,1,-0.20670169302071,0.492415978734996
"20","Presence Catfish","",7,0,0,0,0,0,0
"All sites","Presence Eel","",136,0.0441176470588235,0,0,1,0.00916337787904297,0.0790719162386041
"1","Presence Eel","",6,0.166666666666667,0,0,1,-0.261763639272719,0.595096972606052
"2","Presence Eel","",6,0,0,0,0,0,0
"3","Presence Eel","",7,0,0,0,0,0,0
"4","Presence Eel","",7,0.142857142857143,0,0,1,-0.20670169302071,0.492415978734996
"5","Presence Eel","",7,0,0,0,0,0,0
"6","Presence Eel","",7,0.142857142857143,0,0,1,-0.20670169302071,0.492415978734996
"7","Presence Eel","",7,0,0,0,0,0,0
"8","Presence Eel","",7,0,0,0,0,0,0
"9","Presence Eel","",7,0,0,0,0,0,0
"10","Presence Eel","",7,0.142857142857143,0,0,1,-0.20670169302071,0.492415978734996
"11","Presence Eel","",7,0,0,0,0,0,0
"12","Presence Eel","",7,0,0,0,0,0,0
"13","Presence Eel","",6,0,0,0,0,0,0
"14","Presence Eel","",6,0,0,0,0,0,0
"15","Presence Eel","",7,0,0,0,0,0,0
"16","Presence Eel","",7,0,0,0,0,0,0
"17","Presence Eel","",7,0.142857142857143,0,0,1,-0.20670169302071,0.492415978734996
"18","Presence Eel","",7,0.142857142857143,0,0,1,-0.20670169302071,0.492415978734996
"19","Presence Eel","",7,0,0,0,0,0,0
"20","Presence Eel","",7,0,0,0,0,0,0
"All sites","Presence Goldfish","",136,0.625,1,0,1,0.542596155115032,0.707403844884968
"1","Presence Goldfish","",6,0.5,0.5,0,1,-0.0747995726208989,1.0747995726209
"2","Presence Goldfish","",6,0.333333333333333,0,0,1,-0.208592900831156,0.875259567497823
"3","Presence Goldfish","",7,0.571428571428571,1,0,1,0.0770777248827613,1.06577941797438
"4","Presence Goldfish","",7,0.428571428571429,0,0,1,-0.0657794179743815,0.922922275117239
"5","Presence Goldfish","",7,0.857142857142857,1,0,1,0.507584021265004,1.20670169302071
"6","Presence Goldfish","",7,0.714285714285714,1,0,1,0.263007197660856,1.16556423091057
"7","Presence Goldfish","",7,0.714285714285714,1,0,1,0.263007197660856,1.16556423091057
"8","Presence Goldfish","",7,0.285714285714286,0,0,1,-0.165564230910573,0.736992802339144
"9","Presence Goldfish","",7,0.714285714285714,1,0,1,0.263007197660856,1.16556423091057
"10","Presence Goldfish","",7,0.428571428571429,0,0,1,-0.0657794179743815,0.922922275117239
"11","Presence Goldfish","",7,0.714285714285714,1,0,1,0.263007197660856,1.16556423091057
"12","Presence Goldfish","",7,0.857142857142857,1,0,1,0.507584021265004,1.20670169302071
"13","Presence Goldfish","",6,0.833333333333333,1,0,1,0.404903027393948,1.26176363927272
"14","Presence Goldfish","",6,0.833333333333333,1,0,1,0.404903027393948,1.26176363927272
"15","Presence Goldfish","",7,0.714285714285714,1,0,1,0.263007197660856,1.16556423091057
"16","Presence Goldfish","",7,0.714285714285714,1,0,1,0.263007197660856,1.16556423091057
"17","Presence Goldfish","",7,0.857142857142857,1,0,1,0.507584021265004,1.20670169302071
"18","Presence Goldfish","",7,0.714285714285714,1,0,1,0.263007197660856,1.16556423091057
"19","Presence Goldfish","",7,0.571428571428571,1,0,1,0.0770777248827613,1.06577941797438
"20","Presence Goldfish","",7,0.142857142857143,0,0,1,-0.20670169302071,0.492415978734996
"All sites","Presence Common smelt","",136,0.794117647058823,1,0,1,0.725293027655486,0.862942266462161
"1","Presence Common smelt","",6,1,1,1,1,1,1
"2","Presence Common smelt","",6,0.666666666666667,1,0,1,0.124740432502177,1.20859290083116
"3","Presence Common smelt","",7,0.428571428571429,0,0,1,-0.0657794179743815,0.922922275117239
"4","Presence Common smelt","",7,0.857142857142857,1,0,1,0.507584021265004,1.20670169302071
"5","Presence Common smelt","",7,0.857142857142857,1,0,1,0.507584021265004,1.20670169302071
"6","Presence Common smelt","",7,0.142857142857143,0,0,1,-0.20670169302071,0.492415978734996
"7","Presence Common smelt","",7,1,1,1,1,1,1
"8","Presence Common smelt","",7,0.857142857142857,1,0,1,0.507584021265004,1.20670169302071
"9","Presence Common smelt","",7,0.857142857142857,1,0,1,0.507584021265004,1.20670169302071
"10","Presence Common smelt","",7,0.857142857142857,1,0,1,0.507584021265004,1.20670169302071
"11","Presence Common smelt","",7,1,1,1,1,1,1
"12","Presence Common smelt","",7,0.857142857142857,1,0,1,0.507584021265004,1.20670169302071
"13","Presence Common smelt","",6,0.666666666666667,1,0,1,0.124740432502177,1.20859290083116
"14","Presence Common smelt","",6,0.5,0.5,0,1,-0.0747995726208989,1.0747995726209
"15","Presence Common smelt","",7,0.857142857142857,1,0,1,0.507584021265004,1.20670169302071
"16","Presence Common smelt","",7,1,1,1,1,1,1
"17","Presence Common smelt","",7,0.714285714285714,1,0,1,0.263007197660856,1.16556423091057
"18","Presence Common smelt","",7,0.714285714285714,1,0,1,0.263007197660856,1.16556423091057
"19","Presence Common smelt","",7,1,1,1,1,1,1
"20","Presence Common smelt","",7,1,1,1,1,1,1
"All sites","Presence Kōaro","",136,0.625,1,0,1,0.542596155115032,0.707403844884968
"1","Presence Kōaro","",6,0.833333333333333,1,0,1,0.404903027393948,1.26176363927272
"2","Presence Kōaro","",6,1,1,1,1,1,1
"3","Presence Kōaro","",7,0.714285714285714,1,0,1,0.263007197660856,1.16556423091057
"4","Presence Kōaro","",7,0.571428571428571,1,0,1,0.0770777248827613,1.06577941797438
"5","Presence Kōaro","",7,0.142857142857143,0,0,1,-0.20670169302071,0.492415978734996
"6","Presence Kōaro","",7,0.142857142857143,0,0,1,-0.20670169302071,0.492415978734996
"7","Presence Kōaro","",7,0.857142857142857,1,0,1,0.507584021265004,1.20670169302071
"8","Presence Kōaro","",7,0.714285714285714,1,0,1,0.263007197660856,1.16556423091057
"9","Presence Kōaro","",7,0.714285714285714,1,0,1,0.263007197660856,1.16556423091057
"10","Presence Kōaro","",7,0.428571428571429,0,0,1,-0.0657794179743815,0.922922275117239
"11","Presence Kōaro","",7,0.714285714285714,1,0,1,0.263007197660856,1.16556423091057
"12","Presence Kōaro","",7,0.857142857142857,1,0,1,0.507584021265004,1.20670169302071
"13","Presence Kōaro","",6,0.5,0.5,0,1,-0.0747995726208989,1.0747995726209
"14","Presence Kōaro","",6,0.5,0.5,0,1,-0.0747995726208989,1.0747995726209
"15","Presence Kōaro","",7,0.857142857142857,1,0,1,0.507584021265004,1.20670169302071
"16","Presence Kōaro","",7,0.428571428571429,0,0,1,-0.0657794179743815,0.922922275117239
"17","Presence Kōaro","",7,0.714285714285714,1,0,1,0.263007197660856,1.16556423091057
"18","Presence Kōaro","",7,0.285714285714286,0,0,1,-0.165564230910573,0.736992802339144
"19","Presence Kōaro","",7,0.714285714285714,1,0,1,0.263007197660856,1.16556423091057
"20","Presence Kōaro","",7,0.857142857142857,1,0,1,0.507584021265004,1.20670169302071
"All sites","Presence Trout","",136,0.0514705882352941,0,0,1,0.0138611540106386,0.0890800224599496
"1","Presence Trout","",6,0,0,0,0,0,0
"2","Presence Trout","",6,0,0,0,0,0,0
"3","Presence Trout","",7,0,0,0,0,0,0
"4","Presence Trout","",7,0.142857142857143,0,0,1,-0.20670169302071,0.492415978734996
"5","Presence Trout","",7,0,0,0,0,0,0
"6","Presence Trout","",7,0.142857142857143,0,0,1,-0.20670169302071,0.492415978734996
"7","Presence Trout","",7,0,0,0,0,0,0
"8","Presence Trout","",7,0,0,0,0,0,0
"9","Presence Trout","",7,0.142857142857143,0,0,1,-0.20670169302071,0.492415978734996
"10","Presence Trout","",7,0,0,0,0,0,0
"11","Presence Trout","",7,0,0,0,0,0,0
"12","Presence Trout","",7,0.142857142857143,0,0,1,-0.20670169302071,0.492415978734996
"13","Presence Trout","",6,0,0,0,0,0,0
"14","Presence Trout","",6,0,0,0,0,0,0
"15","Presence Trout","",7,0.142857142857143,0,0,1,-0.20670169302071,0.492415978734996
"16","Presence Trout","",7,0.285714285714286,0,0,1,-0.165564230910573,0.736992802339144
"17","Presence Trout","",7,0,0,0,0,0,0
"18","Presence Trout","",7,0,0,0,0,0,0
"19","Presence Trout","",7,0,0,0,0,0,0
"20","Presence Trout","",7,0,0,0,0,0,0
